Timestamp,Participant_ID,Round,Survey Page,Question,Response
2025-03-07T09:55:51.668352,1,1,Part1a,cmt_propr,123123
2025-03-07T09:55:51.668480,1,1,Part1a,cmt_vtr,123123asdf 
2025-03-07T09:56:29.042275,1,1,Part1b,retaliation,2
2025-03-07T09:56:29.042436,1,1,Part1b,retaliation_other,3
2025-03-07T09:56:29.042453,1,1,Part1b,mwc,2
2025-03-07T09:56:29.042467,1,1,Part1b,mwc_others,4
2025-03-07T09:56:41.293096,1,1,Part1c,atq_1,1
2025-03-07T09:56:41.293197,1,1,Part1c,atq_2,1
2025-03-07T09:56:41.293215,1,1,Part1c,atq_3,-2
2025-03-07T09:57:21.252033,1,1,Part1d,age,18
2025-03-07T09:57:21.252162,1,1,Part1d,sex,4
2025-03-07T09:57:21.252183,1,1,Part1d,gen,4
2025-03-07T09:57:21.252198,1,1,Part1d,other_gender,apple
2025-03-07T09:57:21.252213,1,1,Part1d,gen_cgi,4
2025-03-07T09:57:21.252226,1,1,Part1d,risk,1
2025-03-07T09:57:29.781389,1,1,Part3b,occ,student
2025-03-07T09:57:29.781513,1,1,Part3b,degree,4
2025-03-07T09:57:29.781530,1,1,Part3b,volunt,1
2025-03-07T09:57:36.587694,2,1,Part1a,cmt_propr,123
2025-03-07T09:57:36.587787,2,1,Part1a,cmt_vtr,123
2025-03-07T09:57:43.281745,2,1,Part1b,retaliation,3
2025-03-07T09:57:43.281803,2,1,Part1b,retaliation_other,4
2025-03-07T09:57:43.281817,2,1,Part1b,mwc,3
2025-03-07T09:57:43.281830,2,1,Part1b,mwc_others,3
2025-03-07T09:57:46.311114,2,1,Part1c,atq_1,12
2025-03-07T09:57:46.311232,2,1,Part1c,atq_2,21
2025-03-07T09:57:46.311265,2,1,Part1c,atq_3,12
2025-03-07T09:59:29.994450,2,1,Part1d,age,18
2025-03-07T09:59:29.994546,2,1,Part1d,sex,2
2025-03-07T09:59:29.994558,2,1,Part1d,gen,4
2025-03-07T09:59:29.994569,2,1,Part1d,other_gender,apple
2025-03-07T09:59:29.994579,2,1,Part1d,gen_cgi,1
2025-03-07T09:59:29.994589,2,1,Part1d,risk,2
2025-03-07T10:01:53.084555,2,1,Part3b,occ,student
2025-03-07T10:01:53.084661,2,1,Part3b,degree,6
2025-03-07T10:01:53.084676,2,1,Part3b,volunt,1
2025-03-07T10:02:50.577082,2,1,Part3b,occ,student
2025-03-07T10:02:50.578030,2,1,Part3b,degree,2
2025-03-07T10:02:50.579574,2,1,Part3b,volunt,1
2025-03-07T10:03:20.501957,2,1,Part3b,occ,student
2025-03-07T10:03:20.502114,2,1,Part3b,degree,3
2025-03-07T10:03:20.502148,2,1,Part3b,volunt,1
2025-03-07T10:05:59.448236,2,1,Part3b,occ,Student
2025-03-07T10:05:59.448290,2,1,Part3b,degree,7
2025-03-07T10:05:59.448298,2,1,Part3b,volunt,1
2025-03-07T10:06:14.003750,2,1,Part3b,occ,Student
2025-03-07T10:06:14.003866,2,1,Part3b,degree,9
2025-03-07T10:06:14.003880,2,1,Part3b,volunt,1
2025-03-07T10:06:46.759888,1,1,Part3b,occ,Student
2025-03-07T10:06:46.759967,1,1,Part3b,degree,6
2025-03-07T10:06:46.759980,1,1,Part3b,volunt,1
2025-03-07T10:06:46.759991,1,1,Part3b,volunt_hrs,2
2025-03-07T10:06:54.176524,2,1,Part3b,occ,Student
2025-03-07T10:06:54.176591,2,1,Part3b,degree,5
2025-03-07T10:06:54.176606,2,1,Part3b,volunt,1
2025-03-08T06:08:55.107864,1,1,Part1a,cmt_propr,123
2025-03-08T06:08:55.107976,1,1,Part1a,cmt_vtr,123
2025-03-08T06:09:01.126234,1,1,Part1b,retaliation,4
2025-03-08T06:09:01.126367,1,1,Part1b,retaliation_other,5
2025-03-08T06:09:01.126390,1,1,Part1b,mwc,6
2025-03-08T06:09:01.126410,1,1,Part1b,mwc_others,3
2025-03-08T06:09:04.585053,1,1,Part1c,atq_1,21
2025-03-08T06:09:04.585183,1,1,Part1c,atq_2,12
2025-03-08T06:09:04.585206,1,1,Part1c,atq_3,22
2025-03-08T06:09:13.378528,1,1,Part1d,age,21
2025-03-08T06:09:13.378697,1,1,Part1d,sex,2
2025-03-08T06:09:13.378730,1,1,Part1d,gen,5
2025-03-08T06:09:13.378759,1,1,Part1d,other_gender,
2025-03-08T06:09:13.378786,1,1,Part1d,gen_cgi,3
2025-03-08T06:09:13.378813,1,1,Part1d,risk,5
2025-03-08T06:09:20.550643,1,1,Part3b,occ,Student
2025-03-08T06:09:20.550770,1,1,Part3b,degree,4
2025-03-08T06:09:20.550788,1,1,Part3b,volunt,1
2025-03-08T06:19:15.168096,1,1,Part3b,occ,Student
2025-03-08T06:19:15.168223,1,1,Part3b,degree,4
2025-03-08T06:19:15.168241,1,1,Part3b,volunt,1
2025-03-08T06:24:30.984149,1,1,Part3b,occ,Student
2025-03-08T06:24:30.984294,1,1,Part3b,degree,4
2025-03-08T06:24:30.984318,1,1,Part3b,volunt,1
2025-03-08T06:30:49.878467,1,1,Part3b,occ,Student
2025-03-08T06:30:49.878616,1,1,Part3b,degree,4
2025-03-08T06:30:49.878635,1,1,Part3b,volunt,1
2025-03-08T06:46:00.309953,2,1,Part1a,cmt_propr,123
2025-03-08T06:46:00.310149,2,1,Part1a,cmt_vtr,123
2025-03-08T06:46:07.876884,2,1,Part1b,retaliation,2
2025-03-08T06:46:07.876986,2,1,Part1b,retaliation_other,3
2025-03-08T06:46:07.877004,2,1,Part1b,mwc,5
2025-03-08T06:46:07.877018,2,1,Part1b,mwc_others,4
2025-03-08T06:46:12.030287,2,1,Part1c,atq_1,9
2025-03-08T06:46:12.030391,2,1,Part1c,atq_2,21
2025-03-08T06:46:12.030409,2,1,Part1c,atq_3,8
2025-03-08T06:46:19.057899,2,1,Part1d,age,18
2025-03-08T06:46:19.058019,2,1,Part1d,sex,2
2025-03-08T06:46:19.058037,2,1,Part1d,gen,2
2025-03-08T06:46:19.058051,2,1,Part1d,other_gender,
2025-03-08T06:46:19.058065,2,1,Part1d,gen_cgi,6
2025-03-08T06:46:19.058080,2,1,Part1d,risk,5
2025-03-08T06:46:25.679458,2,1,Part3b,occ,Student
2025-03-08T06:46:25.679608,2,1,Part3b,degree,4
2025-03-08T06:46:25.679625,2,1,Part3b,volunt,1
2025-03-08T07:06:19.119328,2,1,Part1a,cmt_propr,123
2025-03-08T07:06:19.119411,2,1,Part1a,cmt_vtr,123
2025-03-08T07:06:24.590898,2,1,Part1b,retaliation,3
2025-03-08T07:06:24.591128,2,1,Part1b,retaliation_other,5
2025-03-08T07:06:24.591162,2,1,Part1b,mwc,3
2025-03-08T07:06:24.591191,2,1,Part1b,mwc_others,5
2025-03-08T07:06:27.845173,2,1,Part1c,atq_1,12
2025-03-08T07:06:27.845269,2,1,Part1c,atq_2,21
2025-03-08T07:06:27.845357,2,1,Part1c,atq_3,12
2025-03-08T07:06:34.532039,2,1,Part1d,age,18
2025-03-08T07:06:34.532150,2,1,Part1d,sex,2
2025-03-08T07:06:34.532164,2,1,Part1d,gen,3
2025-03-08T07:06:34.532174,2,1,Part1d,other_gender,
2025-03-08T07:06:34.532185,2,1,Part1d,gen_cgi,5
2025-03-08T07:06:34.532195,2,1,Part1d,risk,6
2025-03-08T07:11:55.754557,2,1,Part3b,occ,Student
2025-03-08T07:11:55.754696,2,1,Part3b,degree,6
2025-03-08T07:11:55.754713,2,1,Part3b,volunt,1
2025-03-08T07:12:47.178822,2,1,Part3b,occ,Student
2025-03-08T07:12:47.178910,2,1,Part3b,degree,4
2025-03-08T07:12:47.178923,2,1,Part3b,volunt,2
2025-03-08T07:12:47.178933,2,1,Part3b,volunt_hrs,
2025-03-08T07:13:05.728397,1,1,Part1d,econ,2
2025-03-08T07:13:05.728449,1,1,Part1d,party_like,2
2025-03-08T07:13:05.728460,1,1,Part1d,party,
2025-03-08T07:13:05.728470,1,1,Part1d,party_prox,
2025-03-08T07:13:29.531046,1,1,Part4b,plop_unempl,3
2025-03-08T07:13:29.531149,1,1,Part4b,plop_comp,5
2025-03-08T07:13:29.531172,1,1,Part4b,plop_incdist,5
2025-03-08T07:13:33.756697,1,1,Part5,rel,1
2025-03-08T07:21:33.945881,1,1,Part5,rel,1
2025-03-08T07:22:10.159678,1,1,Part5,rel,1
2025-03-08T07:22:10.159775,1,1,Part5,rel_spec,5
2025-03-08T07:23:51.810991,1,1,Part6,spbrn,2
2025-03-08T07:23:51.811076,1,1,Part6,cntbrn,
2025-03-08T07:23:51.811084,1,1,Part6,spcit,2
2025-03-08T07:23:51.811093,1,1,Part6,other_cit,
2025-03-08T07:23:51.811099,1,1,Part6,primlang,asdf
2025-03-08T07:37:39.697046,1,1,Part7,mth_spbrn,2
2025-03-08T07:37:39.697167,1,1,Part7,mth_cntbrn,sdf
2025-03-08T07:37:39.697187,1,1,Part7,fth_spbrn,2
2025-03-08T07:37:39.697202,1,1,Part7,fth_cntbrn,sdf
2025-03-08T07:37:46.590186,2,1,Part1d,econ,2
2025-03-08T07:37:46.590326,2,1,Part1d,party_like,1
2025-03-08T07:37:46.590345,2,1,Part1d,party,
2025-03-08T07:37:46.590360,2,1,Part1d,party_prox,2
2025-03-09T08:13:28.930387,1,1,Part1a,cmt_propr,12
2025-03-09T08:13:28.930522,1,1,Part1a,cmt_vtr,21
2025-03-09T08:13:34.317267,1,1,Part1b,retaliation,3
2025-03-09T08:13:34.317380,1,1,Part1b,retaliation_other,4
2025-03-09T08:13:34.317402,1,1,Part1b,mwc,6
2025-03-09T08:13:34.317415,1,1,Part1b,mwc_others,2
2025-03-09T08:13:37.167348,1,1,Part1c,atq_1,12
2025-03-09T08:13:37.167447,1,1,Part1c,atq_2,21
2025-03-09T08:13:37.167461,1,1,Part1c,atq_3,12
2025-03-09T08:13:43.505972,1,1,Part1d,age,26
2025-03-09T08:13:43.506138,1,1,Part1d,sex,2
2025-03-09T08:13:43.506157,1,1,Part1d,gen,2
2025-03-09T08:13:43.506169,1,1,Part1d,other_gender,
2025-03-09T08:13:43.506194,1,1,Part1d,gen_cgi,5
2025-03-09T08:13:43.506206,1,1,Part1d,risk,6
2025-03-09T08:13:50.271817,1,1,Part3b,occ,Student
2025-03-09T08:13:50.271937,1,1,Part3b,degree,7
2025-03-09T08:13:50.271969,1,1,Part3b,volunt,2
2025-03-09T08:13:50.271996,1,1,Part3b,volunt_hrs,
2025-03-09T08:13:53.654978,1,1,Part1d,econ,12
2025-03-09T08:13:53.655040,1,1,Part1d,party_like,1
2025-03-09T08:13:53.655052,1,1,Part1d,party,
2025-03-09T08:21:47.570614,1,1,Part1d,econ,2
2025-03-09T08:21:47.570707,1,1,Part1d,party_like,1
2025-03-09T08:21:47.570719,1,1,Part1d,party,
2025-03-10T07:20:43.127088,1,1,Part1a,cmt_propr,12
2025-03-10T07:20:43.127205,1,1,Part1a,cmt_vtr,21
2025-03-10T07:21:27.868902,1,1,Part1b,retaliation,4
2025-03-10T07:21:27.869070,1,1,Part1b,retaliation_other,4
2025-03-10T07:21:27.869088,1,1,Part1b,mwc,5
2025-03-10T07:21:27.869101,1,1,Part1b,mwc_others,4
2025-03-10T07:21:31.540290,1,1,Part1c,atq_1,12
2025-03-10T07:21:31.540369,1,1,Part1c,atq_2,21
2025-03-10T07:21:31.540388,1,1,Part1c,atq_3,22
2025-03-10T07:21:37.701490,1,1,Part1d,age,18
2025-03-10T07:21:37.701561,1,1,Part1d,sex,2
2025-03-10T07:21:37.701573,1,1,Part1d,gen,2
2025-03-10T07:21:37.701584,1,1,Part1d,other_gender,
2025-03-10T07:21:37.701594,1,1,Part1d,gen_cgi,5
2025-03-10T07:21:37.701604,1,1,Part1d,risk,6
2025-03-10T07:21:45.260608,1,1,Part3b,occ,Student
2025-03-10T07:21:45.260796,1,1,Part3b,degree,6
2025-03-10T07:21:45.260823,1,1,Part3b,volunt,1
2025-03-10T07:21:45.260844,1,1,Part3b,volunt_hrs,2
2025-03-10T07:40:53.171965,2,1,Part1a,cmt_propr,12
2025-03-10T07:40:53.172083,2,1,Part1a,cmt_vtr,21
2025-03-10T07:40:59.666631,2,1,Part1b,retaliation,2
2025-03-10T07:40:59.666692,2,1,Part1b,retaliation_other,3
2025-03-10T07:40:59.666705,2,1,Part1b,mwc,2
2025-03-10T07:40:59.666716,2,1,Part1b,mwc_others,6
2025-03-10T07:41:04.594694,2,1,Part1c,atq_1,9
2025-03-10T07:41:04.594818,2,1,Part1c,atq_2,18
2025-03-10T07:41:04.594850,2,1,Part1c,atq_3,12
2025-03-10T07:41:15.434666,2,1,Part1d,age,18
2025-03-10T07:41:15.434778,2,1,Part1d,sex,2
2025-03-10T07:41:15.434791,2,1,Part1d,gen,4
2025-03-10T07:41:15.434802,2,1,Part1d,other_gender,12
2025-03-10T07:41:15.434812,2,1,Part1d,gen_cgi,2
2025-03-10T07:41:15.434822,2,1,Part1d,risk,2
2025-03-10T07:41:23.469720,2,1,Part3b,occ,Student
2025-03-10T07:41:23.469775,2,1,Part3b,degree,2
2025-03-10T07:41:23.469787,2,1,Part3b,volunt,1
2025-03-10T07:41:23.469797,2,1,Part3b,volunt_hrs,3
2025-03-10T07:41:33.293818,2,1,Part2a,econ,2
2025-03-10T07:41:33.293961,2,1,Part2a,party_like,1
2025-03-10T07:41:33.293984,2,1,Part2a,party,asdf
2025-03-10T07:41:33.294004,2,1,Part2a,party_prox,1
2025-03-10T07:41:45.436453,1,1,Part2a,econ,2
2025-03-10T07:41:45.436548,1,1,Part2a,party_like,1
2025-03-10T07:41:45.436563,1,1,Part2a,party,234
2025-03-10T07:41:45.436576,1,1,Part2a,party_prox,3
2025-03-14T08:35:47.589937,1,1,Part1a,cmt_propr,12
2025-03-14T08:35:47.590025,1,1,Part1a,cmt_vtr,21
2025-03-15T08:01:17.619697,1,1,Part1a,cmt_propr,12
2025-03-15T08:01:17.619761,1,1,Part1a,cmt_vtr,232
2025-03-15T08:01:23.655688,1,1,Part1b,retaliation,3
2025-03-15T08:01:23.655784,1,1,Part1b,retaliation_other,4
2025-03-15T08:01:23.655799,1,1,Part1b,mwc,3
2025-03-15T08:01:23.655811,1,1,Part1b,mwc_others,4
2025-03-15T08:01:29.204384,1,1,Part1c,atq_1,12
2025-03-15T08:01:29.204499,1,1,Part1c,atq_2,21
2025-03-15T08:01:29.204530,1,1,Part1c,atq_3,22
2025-03-15T08:02:27.062207,1,1,Part1d,age,18
2025-03-15T08:02:27.062276,1,1,Part1d,sex,2
2025-03-15T08:02:27.062293,1,1,Part1d,gen,4
2025-03-15T08:02:27.062308,1,1,Part1d,other_gender,12
2025-03-15T08:02:27.062322,1,1,Part1d,gen_cgi,4
2025-03-15T08:02:27.062336,1,1,Part1d,risk,4
2025-03-15T08:02:58.636736,1,1,Part1a,cmt_propr,12
2025-03-15T08:02:58.636820,1,1,Part1a,cmt_vtr,21
2025-03-15T08:03:05.369736,1,1,Part1b,retaliation,4
2025-03-15T08:03:05.369825,1,1,Part1b,retaliation_other,5
2025-03-15T08:03:05.369843,1,1,Part1b,mwc,2
2025-03-15T08:03:05.369858,1,1,Part1b,mwc_others,6
2025-03-15T08:03:08.877546,1,1,Part1c,atq_1,9
2025-03-15T08:03:08.877604,1,1,Part1c,atq_2,12
2025-03-15T08:03:08.877616,1,1,Part1c,atq_3,1
2025-03-15T08:03:26.102570,1,1,Part1d,age,18
2025-03-15T08:03:26.102668,1,1,Part1d,sex,3
2025-03-15T08:03:26.102683,1,1,Part1d,gen,4
2025-03-15T08:03:26.102697,1,1,Part1d,other_gender,apple
2025-03-15T08:03:26.102709,1,1,Part1d,gen_cgi,4
2025-03-15T08:03:26.102721,1,1,Part1d,risk,6
2025-03-15T08:04:00.865770,1,1,Part3b,occ,s23434
2025-03-15T08:04:00.865871,1,1,Part3b,degree,4
2025-03-15T08:04:00.865884,1,1,Part3b,volunt,1
2025-03-15T08:04:00.865895,1,1,Part3b,volunt_hrs,2
2025-03-15T08:04:09.334179,1,1,Part2a,econ,0
2025-03-15T08:04:09.334233,1,1,Part2a,party_like,1
2025-03-15T08:04:09.334246,1,1,Part2a,party,asdf
2025-03-15T08:04:09.334257,1,1,Part2a,party_prox,2
2025-03-15T08:04:51.621331,1,1,Part4b,plop_unempl,1
2025-03-15T08:04:51.621505,1,1,Part4b,plop_comp,2
2025-03-15T08:04:51.621555,1,1,Part4b,plop_incdist,4
2025-03-15T08:04:59.616258,1,1,Part5,rel,1
2025-03-15T08:04:59.616365,1,1,Part5,rel_spec,3
2025-03-15T08:20:52.963204,1,1,Part6,spbrn,2
2025-03-15T08:20:52.963322,1,1,Part6,cntbrn,us
2025-03-15T08:20:52.963345,1,1,Part6,spcit,2
2025-03-15T08:20:52.963365,1,1,Part6,other_cit,apple
2025-03-15T08:20:52.963385,1,1,Part6,primlang,English
2025-03-15T08:27:33.944915,1,1,Part7,mth_spbrn,2
2025-03-15T08:27:33.945001,1,1,Part7,mth_cntbrn,apple
2025-03-15T08:27:33.945018,1,1,Part7,fth_spbrn,2
2025-03-15T08:27:33.945032,1,1,Part7,fth_cntbrn,apple
2025-03-15T08:27:43.284338,1,1,Part9,mwc_bonus,3
2025-03-15T08:27:43.284425,1,1,Part9,mwc_bonus_others,4
2025-03-15T08:27:43.284448,1,1,Part9,enjoy,5
2025-03-15T08:32:16.560581,2,1,Part1a,cmt_propr,12
2025-03-15T08:32:16.560686,2,1,Part1a,cmt_vtr,21
2025-03-15T08:32:22.029182,2,1,Part1b,retaliation,3
2025-03-15T08:32:22.029242,2,1,Part1b,retaliation_other,4
2025-03-15T08:32:22.029254,2,1,Part1b,mwc,2
2025-03-15T08:32:22.029265,2,1,Part1b,mwc_others,6
2025-03-15T08:32:26.109432,2,1,Part1c,atq_1,12
2025-03-15T08:32:26.109497,2,1,Part1c,atq_2,21
2025-03-15T08:32:26.109509,2,1,Part1c,atq_3,12
2025-03-15T08:32:31.494841,2,1,Part1d,age,18
2025-03-15T08:32:31.494892,2,1,Part1d,sex,2
2025-03-15T08:32:31.494904,2,1,Part1d,gen,2
2025-03-15T08:32:31.494914,2,1,Part1d,other_gender,
2025-03-15T08:32:31.494924,2,1,Part1d,gen_cgi,6
2025-03-15T08:32:31.494934,2,1,Part1d,risk,7
2025-03-15T08:33:07.513900,2,1,Part3b,occ,Student
2025-03-15T08:33:07.513948,2,1,Part3b,degree,5
2025-03-15T08:33:07.513960,2,1,Part3b,volunt,1
2025-03-15T08:33:07.513971,2,1,Part3b,volunt_hrs,2
2025-03-15T08:33:10.830947,2,1,Part2a,econ,2
2025-03-15T08:33:10.831079,2,1,Part2a,party_like,2
2025-03-15T08:33:10.831112,2,1,Part2a,party,
2025-03-15T08:33:10.831140,2,1,Part2a,party_prox,
2025-03-15T08:33:54.360707,2,1,Part4b,plop_unempl,3
2025-03-15T08:33:54.360756,2,1,Part4b,plop_comp,4
2025-03-15T08:33:54.360768,2,1,Part4b,plop_incdist,6
2025-03-15T08:34:05.077754,2,1,Part5,rel,1
2025-03-15T08:34:05.077861,2,1,Part5,rel_spec,3
2025-03-15T08:34:11.510434,2,1,Part6,spbrn,1
2025-03-15T08:34:11.510485,2,1,Part6,cntbrn,
2025-03-15T08:34:11.510497,2,1,Part6,spcit,1
2025-03-15T08:34:11.510507,2,1,Part6,other_cit,
2025-03-15T08:34:11.510517,2,1,Part6,primlang,12
2025-03-15T08:34:15.159288,2,1,Part7,mth_spbrn,1
2025-03-15T08:34:15.159381,2,1,Part7,mth_cntbrn,
2025-03-15T08:34:15.159397,2,1,Part7,fth_spbrn,1
2025-03-15T08:34:15.159412,2,1,Part7,fth_cntbrn,
2025-03-15T08:48:06.188799,3,1,Part1a,cmt_propr,12
2025-03-15T08:48:06.188915,3,1,Part1a,cmt_vtr,21
2025-03-15T08:48:18.391349,3,1,Part1b,retaliation,2
2025-03-15T08:48:18.391407,3,1,Part1b,retaliation_other,3
2025-03-15T08:48:18.391419,3,1,Part1b,mwc,4
2025-03-15T08:48:18.391430,3,1,Part1b,mwc_others,3
2025-03-15T08:48:21.823849,3,1,Part1c,atq_1,12
2025-03-15T08:48:21.823903,3,1,Part1c,atq_2,17
2025-03-15T08:48:21.823916,3,1,Part1c,atq_3,12
2025-03-15T08:48:32.741045,3,1,Part1d,age,18
2025-03-15T08:48:32.741106,3,1,Part1d,sex,2
2025-03-15T08:48:32.741118,3,1,Part1d,gen,3
2025-03-15T08:48:32.741128,3,1,Part1d,other_gender,
2025-03-15T08:48:32.741138,3,1,Part1d,gen_cgi,1
2025-03-15T08:48:32.741148,3,1,Part1d,risk,1
2025-03-15T08:48:48.123399,3,1,Part3b,occ,Student
2025-03-15T08:48:48.123462,3,1,Part3b,degree,5
2025-03-15T08:48:48.123474,3,1,Part3b,volunt,2
2025-03-15T08:48:48.123484,3,1,Part3b,volunt_hrs,
2025-03-15T08:52:01.320121,3,1,Part2a,econ,2
2025-03-15T08:52:01.320178,3,1,Part2a,party_like,2
2025-03-15T08:52:01.320191,3,1,Part2a,party,
2025-03-15T08:52:01.320201,3,1,Part2a,party_prox,
2025-03-15T08:53:19.434219,1,2,Part1a,cmt_propr,12
2025-03-15T08:53:19.434323,1,2,Part1a,cmt_vtr,21
2025-03-15T08:53:24.922482,1,2,Part1b,retaliation,2
2025-03-15T08:53:24.922601,1,2,Part1b,retaliation_other,4
2025-03-15T08:53:24.922632,1,2,Part1b,mwc,1
2025-03-15T08:53:24.922659,1,2,Part1b,mwc_others,4
2025-03-15T08:53:34.966126,1,2,Part1c,atq_1,12
2025-03-15T08:53:34.966225,1,2,Part1c,atq_2,21
2025-03-15T08:53:34.966248,1,2,Part1c,atq_3,12
2025-03-15T08:53:40.476379,1,2,Part1d,age,18
2025-03-15T08:53:40.476455,1,2,Part1d,sex,2
2025-03-15T08:53:40.476472,1,2,Part1d,gen,4
2025-03-15T08:53:40.476486,1,2,Part1d,other_gender,12
2025-03-15T08:53:40.476500,1,2,Part1d,gen_cgi,4
2025-03-15T08:53:40.476513,1,2,Part1d,risk,6
2025-03-15T08:59:34.640813,1,1,Part1a,cmt_propr,12
2025-03-15T08:59:34.640956,1,1,Part1a,cmt_vtr,21
2025-03-15T08:59:39.630095,1,1,Part1b,retaliation,3
2025-03-15T08:59:39.630175,1,1,Part1b,retaliation_other,4
2025-03-15T08:59:39.630189,1,1,Part1b,mwc,5
2025-03-15T08:59:39.630205,1,1,Part1b,mwc_others,6
2025-03-15T08:59:42.508207,1,1,Part1c,atq_1,12
2025-03-15T08:59:42.508299,1,1,Part1c,atq_2,21
2025-03-15T08:59:42.508321,1,1,Part1c,atq_3,12
2025-03-15T08:59:48.997506,1,1,Part1d,age,18
2025-03-15T08:59:48.997630,1,1,Part1d,sex,2
2025-03-15T08:59:48.997646,1,1,Part1d,gen,3
2025-03-15T08:59:48.997661,1,1,Part1d,other_gender,
2025-03-15T08:59:48.997675,1,1,Part1d,gen_cgi,3
2025-03-15T08:59:48.997689,1,1,Part1d,risk,5
2025-03-15T09:00:25.278629,1,1,Part3b,occ,Studenmt
2025-03-15T09:00:25.278677,1,1,Part3b,degree,2
2025-03-15T09:00:25.278689,1,1,Part3b,volunt,2
2025-03-15T09:00:25.278700,1,1,Part3b,volunt_hrs,
2025-03-15T09:08:21.381373,1,1,Part2a,econ,2
2025-03-15T09:08:21.381532,1,1,Part2a,party_like,1
2025-03-15T09:08:21.381549,1,1,Part2a,party,wer
2025-03-15T09:08:21.381560,1,1,Part2a,party_prox,
2025-03-15T09:54:39.581327,1,1,Part4b,plop_unempl,5
2025-03-15T09:54:39.581401,1,1,Part4b,plop_comp,6
2025-03-15T09:54:39.581409,1,1,Part4b,plop_incdist,5
2025-03-15T10:05:36.305062,1,1,Part5,rel,1
2025-03-15T10:05:36.305472,1,1,Part5,rel_spec,3
2025-03-15T10:18:35.807984,1,1,Part6,spbrn,2
2025-03-15T10:18:35.808368,1,1,Part6,cntbrn,Yes
2025-03-15T10:18:35.808387,1,1,Part6,spcit,2
2025-03-15T10:18:35.808402,1,1,Part6,other_cit,No
2025-03-15T10:18:35.808417,1,1,Part6,primlang,English
2025-03-15T10:19:07.453269,1,1,Part7,mth_spbrn,2
2025-03-15T10:19:07.453374,1,1,Part7,mth_cntbrn,Yes
2025-03-15T10:19:07.453399,1,1,Part7,fth_spbrn,2
2025-03-15T10:19:07.453419,1,1,Part7,fth_cntbrn,No
2025-03-15T10:19:14.776946,1,1,Part9,mwc_bonus,4
2025-03-15T10:19:14.777057,1,1,Part9,mwc_bonus_others,2
2025-03-15T10:19:14.777082,1,1,Part9,enjoy,3
2025-03-15T10:27:21.577483,1,2,Part1a,cmt_propr,12
2025-03-15T10:27:21.577618,1,2,Part1a,cmt_vtr,21
2025-03-15T10:27:28.492329,1,2,Part1b,retaliation,3
2025-03-15T10:27:28.492381,1,2,Part1b,retaliation_other,4
2025-03-15T10:27:28.492393,1,2,Part1b,mwc,2
2025-03-15T10:27:28.492404,1,2,Part1b,mwc_others,5
2025-03-15T10:27:31.888226,1,2,Part1c,atq_1,12
2025-03-15T10:27:31.888604,1,2,Part1c,atq_2,21
2025-03-15T10:27:31.888628,1,2,Part1c,atq_3,12
2025-03-15T10:27:44.071159,1,2,Part1d,age,24
2025-03-15T10:27:44.071208,1,2,Part1d,sex,4
2025-03-15T10:27:44.071219,1,2,Part1d,gen,4
2025-03-15T10:27:44.071230,1,2,Part1d,other_gender,apple
2025-03-15T10:27:44.071240,1,2,Part1d,gen_cgi,4
2025-03-15T10:27:44.071250,1,2,Part1d,risk,5
2025-03-17T01:42:28.952982,1,1,Part1a,cmt_propr,12
2025-03-17T01:42:28.953069,1,1,Part1a,cmt_vtr,21
2025-03-17T01:42:42.286376,1,1,Part1b,retaliation,3
2025-03-17T01:42:42.286477,1,1,Part1b,retaliation_other,1
2025-03-17T01:42:42.286495,1,1,Part1b,mwc,5
2025-03-17T01:42:42.286509,1,1,Part1b,mwc_others,4
2025-03-17T01:42:48.868681,1,1,Part1c,atq_1,12
2025-03-17T01:42:48.868741,1,1,Part1c,atq_2,12
2025-03-17T01:42:48.868753,1,1,Part1c,atq_3,-1
2025-03-17T01:43:02.515200,1,1,Part1d,age,27
2025-03-17T01:43:02.515258,1,1,Part1d,sex,4
2025-03-17T01:43:02.515270,1,1,Part1d,gen,4
2025-03-17T01:43:02.515281,1,1,Part1d,other_gender,sdf
2025-03-17T01:43:02.515292,1,1,Part1d,gen_cgi,0
2025-03-17T01:43:02.515302,1,1,Part1d,risk,9
2025-03-17T01:44:30.458539,1,1,Part3b,occ,Student
2025-03-17T01:44:30.458667,1,1,Part3b,degree,5
2025-03-17T01:44:30.458690,1,1,Part3b,volunt,1
2025-03-17T01:44:30.458704,1,1,Part3b,volunt_hrs,4
2025-03-17T01:44:46.036338,1,1,Part2a,econ,67
2025-03-17T01:44:46.036401,1,1,Part2a,party_like,1
2025-03-17T01:44:46.036417,1,1,Part2a,party,yu
2025-03-17T01:44:46.036432,1,1,Part2a,party_prox,
2025-03-17T01:44:51.119260,1,1,Part4b,plop_unempl,4
2025-03-17T01:44:51.119313,1,1,Part4b,plop_comp,4
2025-03-17T01:44:51.119325,1,1,Part4b,plop_incdist,8
2025-03-17T01:44:58.236809,1,1,Part5,rel,1
2025-03-17T01:44:58.236914,1,1,Part5,rel_spec,4
2025-03-17T01:45:19.866173,1,1,Part6,spbrn,2
2025-03-17T01:45:19.866225,1,1,Part6,cntbrn,apple
2025-03-17T01:45:19.866237,1,1,Part6,spcit,2
2025-03-17T01:45:19.866248,1,1,Part6,other_cit,apple
2025-03-17T01:45:19.866259,1,1,Part6,primlang,english
2025-03-17T01:45:45.832910,1,1,Part7,mth_spbrn,2
2025-03-17T01:45:45.832964,1,1,Part7,mth_cntbrn,12
2025-03-17T01:45:45.832976,1,1,Part7,fth_spbrn,2
2025-03-17T01:45:45.832986,1,1,Part7,fth_cntbrn,12
2025-03-17T01:45:54.965836,1,1,Part9,mwc_bonus,3
2025-03-17T01:45:54.965887,1,1,Part9,mwc_bonus_others,3
2025-03-17T01:45:54.965899,1,1,Part9,enjoy,6
2025-03-17T06:10:41.048258,1,1,Part6,spbrn,2
2025-03-17T06:10:41.048356,1,1,Part6,cntbrn,english
2025-03-17T06:10:41.048371,1,1,Part6,spcit,2
2025-03-17T06:10:41.048383,1,1,Part6,other_cit,english
2025-03-17T06:10:41.048395,1,1,Part6,primlang,English
2025-03-17T06:12:06.665203,1,1,Part6,spbrn,1
2025-03-17T06:12:06.665271,1,1,Part6,cntbrn,
2025-03-17T06:12:06.665287,1,1,Part6,spcit,1
2025-03-17T06:12:06.665299,1,1,Part6,other_cit,
2025-03-17T06:12:06.665312,1,1,Part6,primlang,english
2025-03-17T06:13:05.568793,1,1,Part6,spbrn,1
2025-03-17T06:13:05.568902,1,1,Part6,cntbrn,
2025-03-17T06:13:05.568988,1,1,Part6,spcit,1
2025-03-17T06:13:05.569005,1,1,Part6,other_cit,
2025-03-17T06:13:05.569019,1,1,Part6,primlang,a
2025-03-17T06:13:50.260319,1,1,Education,degree,5
2025-03-17T06:14:08.698275,1,1,Education,degree,4
2025-03-17T06:14:57.695306,1,1,Gender,sex,2
2025-03-17T06:14:57.695415,1,1,Gender,gen,4
2025-03-17T06:14:57.695429,1,1,Gender,other_gender,asdf
2025-03-17T06:14:57.695440,1,1,Gender,gen_cgi,4
2025-03-17T06:15:23.659092,1,1,Gender,sex,2
2025-03-17T06:15:23.659202,1,1,Gender,gen,2
2025-03-17T06:15:23.659217,1,1,Gender,other_gender,
2025-03-17T06:15:23.659230,1,1,Gender,gen_cgi,7
2025-03-17T06:17:58.650642,1,1,Income,inc,23
2025-03-17T06:17:58.650727,1,1,Income,inc_hh,234
2025-03-17T06:18:08.910790,1,1,Income,inc,2
2025-03-17T06:18:08.910856,1,1,Income,inc_hh,0
2025-03-17T07:00:25.229053,1,1,Part1a,cmt_propr,s
2025-03-17T07:00:25.229148,1,1,Part1a,cmt_vtr,12
2025-03-17T07:00:32.546347,1,1,Part1b,retaliation,3
2025-03-17T07:00:32.546486,1,1,Part1b,retaliation_other,5
2025-03-17T07:00:32.546519,1,1,Part1b,mwc,4
2025-03-17T07:00:32.546546,1,1,Part1b,mwc_others,3
2025-03-17T07:00:35.625829,1,1,Part1c,atq_1,12
2025-03-17T07:00:35.625902,1,1,Part1c,atq_2,21
2025-03-17T07:00:35.625919,1,1,Part1c,atq_3,12
2025-03-17T07:00:41.962788,1,1,Part1d,age,26
2025-03-17T07:00:41.962845,1,1,Part1d,sex,2
2025-03-17T07:00:41.962857,1,1,Part1d,gen,2
2025-03-17T07:00:41.962868,1,1,Part1d,other_gender,
2025-03-17T07:00:41.962878,1,1,Part1d,gen_cgi,7
2025-03-17T07:00:41.962888,1,1,Part1d,risk,8
2025-03-17T07:01:36.360274,1,1,Part3b,occ,sdf
2025-03-17T07:01:36.360376,1,1,Part3b,volunt,1
2025-03-17T07:01:36.360399,1,1,Part3b,volunt_hrs,4
2025-03-17T07:01:39.993760,1,1,Part2a,econ,2
2025-03-17T07:01:39.993848,1,1,Part2a,party_like,2
2025-03-17T07:01:39.993866,1,1,Part2a,party,
2025-03-17T07:01:39.993880,1,1,Part2a,party_prox,
2025-03-17T07:01:49.059545,1,1,Part4b,plop_unempl,4
2025-03-17T07:01:49.059637,1,1,Part4b,plop_comp,4
2025-03-17T07:01:49.059654,1,1,Part4b,plop_incdist,7
2025-03-17T07:01:53.625700,1,1,Part5,rel,1
2025-03-17T07:01:53.625756,1,1,Part5,rel_spec,4
2025-03-17T07:01:58.442199,1,1,Part7,mth_spbrn,1
2025-03-17T07:01:58.442255,1,1,Part7,mth_cntbrn,
2025-03-17T07:01:58.442307,1,1,Part7,fth_spbrn,1
2025-03-17T07:01:58.442336,1,1,Part7,fth_cntbrn,
2025-03-17T07:02:04.342668,1,1,Part9,mwc_bonus,4
2025-03-17T07:02:04.342755,1,1,Part9,mwc_bonus_others,4
2025-03-17T07:02:04.342872,1,1,Part9,enjoy,5
2025-03-17T12:21:16.652109,1,1,Nationality,spbrn,1
2025-03-17T12:21:16.652180,1,1,Nationality,cntbrn,
2025-03-17T12:21:16.652197,1,1,Nationality,spcit,1
2025-03-17T12:21:16.652212,1,1,Nationality,other_cit,
2025-03-17T12:21:16.652227,1,1,Nationality,primlang,English
2025-03-18T04:26:55.682325,1,1,Nationality,spbrn,1
2025-03-18T04:26:55.682474,1,1,Nationality,cntbrn,
2025-03-18T04:26:55.682491,1,1,Nationality,spcit,2
2025-03-18T04:26:55.682504,1,1,Nationality,other_cit,asd
2025-03-18T04:26:55.682517,1,1,Nationality,primlang,sdf
2025-03-18T04:26:58.055076,1,1,Education,degree,4
2025-03-18T04:27:04.942932,1,1,Gender,sex,2
2025-03-18T04:27:04.943018,1,1,Gender,gen,4
2025-03-18T04:27:04.943039,1,1,Gender,other_gender,asdf
2025-03-18T04:27:04.943059,1,1,Gender,gen_cgi,1
2025-03-18T04:27:10.118531,1,1,Income,inc,12
2025-03-18T04:27:10.118621,1,1,Income,inc_hh,21
2025-03-20T06:41:57.824934,1,1,Nationality,spbrn,1
2025-03-20T06:41:57.824986,1,1,Nationality,cntbrn,
2025-03-20T06:41:57.824995,1,1,Nationality,spcit,2
2025-03-20T06:41:57.825002,1,1,Nationality,other_cit,sdf
2025-03-20T06:41:57.825009,1,1,Nationality,primlang,sdf
2025-03-20T06:42:00.018398,1,1,Education,degree,5
2025-03-20T06:42:03.759306,1,1,Gender,sex,2
2025-03-20T06:42:03.759410,1,1,Gender,gen,1
2025-03-20T06:42:03.759428,1,1,Gender,other_gender,
2025-03-20T06:42:03.759442,1,1,Gender,gen_cgi,4
2025-03-20T06:47:17.335955,2,1,Nationality,spbrn,2
2025-03-20T06:47:17.336030,2,1,Nationality,cntbrn,ew
2025-03-20T06:47:17.336042,2,1,Nationality,spcit,2
2025-03-20T06:47:17.336053,2,1,Nationality,other_cit,ew
2025-03-20T06:47:17.336064,2,1,Nationality,primlang,we
2025-03-20T06:47:23.512695,2,1,Education,degree,9
2025-03-20T06:48:00.943694,2,1,Gender,sex,2
2025-03-20T06:48:00.943787,2,1,Gender,gen,2
2025-03-20T06:48:00.943800,2,1,Gender,other_gender,
2025-03-20T06:48:00.943811,2,1,Gender,gen_cgi,3
2025-03-20T06:49:05.171516,2,1,Income,inc,234234
2025-03-20T06:49:05.171644,2,1,Income,inc_hh,2339
2025-03-20T06:57:36.589627,1,1,Income,inc,234
2025-03-20T06:57:36.589694,1,1,Income,inc_hh,234
2025-03-20T07:46:55.433332,3,1,Nationality,spbrn,3
2025-03-20T07:46:55.433411,3,1,Nationality,cntbrn,
2025-03-20T07:46:55.433428,3,1,Nationality,spcit,1
2025-03-20T07:46:55.433443,3,1,Nationality,other_cit,
2025-03-20T07:46:55.433458,3,1,Nationality,primlang,qwe
2025-03-20T07:46:57.561202,3,1,Education,degree,7
2025-03-20T07:47:03.021994,3,1,Gender,sex,2
2025-03-20T07:47:03.022088,3,1,Gender,gen,2
2025-03-20T07:47:03.022103,3,1,Gender,other_gender,
2025-03-20T07:47:03.022116,3,1,Gender,gen_cgi,3
2025-03-20T07:47:06.277539,3,1,Income,inc,234
2025-03-20T07:47:06.277642,3,1,Income,inc_hh,234
2025-03-20T08:08:13.316126,1,1,Nationality,spbrn,1
2025-03-20T08:08:13.316199,1,1,Nationality,cntbrn,
2025-03-20T08:08:13.316216,1,1,Nationality,spcit,1
2025-03-20T08:08:13.316229,1,1,Nationality,other_cit,
2025-03-20T08:08:13.316241,1,1,Nationality,primlang,sdf
2025-03-20T08:08:15.533163,1,1,Education,degree,9
2025-03-20T08:08:24.020803,1,1,Gender,sex,2
2025-03-20T08:08:24.020940,1,1,Gender,gen,1
2025-03-20T08:08:24.020971,1,1,Gender,other_gender,
2025-03-20T08:08:24.020998,1,1,Gender,gen_cgi,2
2025-03-20T08:08:27.980811,1,1,Income,inc,12
2025-03-20T08:08:27.980899,1,1,Income,inc_hh,21
2025-03-20T08:25:34.525370,1,1,Nationality,spbrn,1
2025-03-20T08:25:34.525442,1,1,Nationality,cntbrn,
2025-03-20T08:25:34.525459,1,1,Nationality,spcit,1
2025-03-20T08:25:34.525473,1,1,Nationality,other_cit,
2025-03-20T08:25:34.525487,1,1,Nationality,primlang,English
2025-03-20T08:25:36.774810,1,1,Education,degree,7
2025-03-20T08:25:47.352242,1,1,Gender,sex,2
2025-03-20T08:25:47.352464,1,1,Gender,gen,2
2025-03-20T08:25:47.352479,1,1,Gender,other_gender,
2025-03-20T08:25:47.352490,1,1,Gender,gen_cgi,3
2025-03-20T08:25:50.585058,1,1,Income,inc,12
2025-03-20T08:25:50.585195,1,1,Income,inc_hh,21
2025-03-20T08:26:50.560549,1,1,PrimingBaseline,qp1,3
2025-03-20T08:26:50.560646,1,1,PrimingBaseline,qp2,6
2025-03-20T08:26:50.560665,1,1,PrimingBaseline,qp3,3
2025-03-20T08:27:06.812321,2,1,Nationality,spbrn,1
2025-03-20T08:27:06.812436,2,1,Nationality,cntbrn,
2025-03-20T08:27:06.812452,2,1,Nationality,spcit,1
2025-03-20T08:27:06.812465,2,1,Nationality,other_cit,
2025-03-20T08:27:06.812478,2,1,Nationality,primlang,English
2025-03-20T08:27:08.983894,2,1,Education,degree,6
2025-03-20T08:27:13.594999,2,1,Gender,sex,2
2025-03-20T08:27:13.595089,2,1,Gender,gen,2
2025-03-20T08:27:13.595106,2,1,Gender,other_gender,
2025-03-20T08:27:13.595121,2,1,Gender,gen_cgi,3
2025-03-20T08:27:25.373072,2,1,Income,inc,221
2025-03-20T08:27:25.373167,2,1,Income,inc_hh,12
2025-03-20T08:30:23.895286,3,1,Nationality,spbrn,1
2025-03-20T08:30:23.895348,3,1,Nationality,cntbrn,
2025-03-20T08:30:23.895361,3,1,Nationality,spcit,1
2025-03-20T08:30:23.895372,3,1,Nationality,other_cit,
2025-03-20T08:30:23.895382,3,1,Nationality,primlang,12
2025-03-20T08:30:27.511233,3,1,Education,degree,9
2025-03-20T08:30:33.487069,3,1,Gender,sex,2
2025-03-20T08:30:33.487126,3,1,Gender,gen,2
2025-03-20T08:30:33.487137,3,1,Gender,other_gender,
2025-03-20T08:30:33.487148,3,1,Gender,gen_cgi,4
2025-03-20T08:30:41.605515,3,1,Income,inc,12
2025-03-20T08:30:41.605603,3,1,Income,inc_hh,21
2025-03-20T08:33:34.748847,3,1,PrimingBaseline,qp1,2
2025-03-20T08:33:34.749059,3,1,PrimingBaseline,qp2,4
2025-03-20T08:33:34.749076,3,1,PrimingBaseline,qp3,3
2025-03-21T01:33:53.707610,1,1,Nationality,spbrn,1
2025-03-21T01:33:53.707698,1,1,Nationality,cntbrn,
2025-03-21T01:33:53.707714,1,1,Nationality,spcit,1
2025-03-21T01:33:53.707727,1,1,Nationality,other_cit,
2025-03-21T01:33:53.707740,1,1,Nationality,primlang,13
2025-03-21T01:33:55.645675,1,1,Education,degree,6
2025-03-21T01:33:59.040793,1,1,Gender,sex,2
2025-03-21T01:33:59.040904,1,1,Gender,gen,3
2025-03-21T01:33:59.040922,1,1,Gender,other_gender,
2025-03-21T01:33:59.040937,1,1,Gender,gen_cgi,3
2025-03-21T01:34:07.393213,1,1,Income,inc,12
2025-03-21T01:34:07.393279,1,1,Income,inc_hh,1212
2025-03-21T01:34:20.820681,1,1,PrimingBaseline,qp1,3
2025-03-21T01:34:20.820758,1,1,PrimingBaseline,qp2,4
2025-03-21T01:34:20.820769,1,1,PrimingBaseline,qp3,3
2025-03-21T01:44:18.359899,1,1,Nationality,spbrn,1
2025-03-21T01:44:18.360065,1,1,Nationality,cntbrn,
2025-03-21T01:44:18.360087,1,1,Nationality,spcit,1
2025-03-21T01:44:18.360101,1,1,Nationality,other_cit,
2025-03-21T01:44:18.360117,1,1,Nationality,primlang,12
2025-03-21T01:44:20.736739,1,1,Education,degree,5
2025-03-21T01:44:24.504309,1,1,Gender,sex,2
2025-03-21T01:44:24.504376,1,1,Gender,gen,2
2025-03-21T01:44:24.504387,1,1,Gender,other_gender,
2025-03-21T01:44:24.504398,1,1,Gender,gen_cgi,6
2025-03-21T01:44:27.256540,1,1,Income,inc,12
2025-03-21T01:44:27.256633,1,1,Income,inc_hh,21
2025-03-21T01:44:37.079856,2,1,Nationality,spbrn,1
2025-03-21T01:44:37.079944,2,1,Nationality,cntbrn,
2025-03-21T01:44:37.079957,2,1,Nationality,spcit,1
2025-03-21T01:44:37.079968,2,1,Nationality,other_cit,
2025-03-21T01:44:37.079979,2,1,Nationality,primlang,12
2025-03-21T01:44:39.733265,2,1,Education,degree,7
2025-03-21T01:44:58.840455,3,1,Nationality,spbrn,1
2025-03-21T01:44:58.840553,3,1,Nationality,cntbrn,
2025-03-21T01:44:58.840568,3,1,Nationality,spcit,1
2025-03-21T01:44:58.840579,3,1,Nationality,other_cit,
2025-03-21T01:44:58.840591,3,1,Nationality,primlang,21
2025-03-21T01:45:00.597264,3,1,Education,degree,5
2025-03-21T01:45:02.603741,2,1,Gender,sex,2
2025-03-21T01:45:02.603840,2,1,Gender,gen,2
2025-03-21T01:45:02.603854,2,1,Gender,other_gender,
2025-03-21T01:45:02.603865,2,1,Gender,gen_cgi,2
2025-03-21T01:45:05.431018,2,1,Income,inc,12
2025-03-21T01:45:05.431113,2,1,Income,inc_hh,21
2025-03-21T01:45:11.267153,3,1,Gender,sex,2
2025-03-21T01:45:11.267253,3,1,Gender,gen,1
2025-03-21T01:45:11.267275,3,1,Gender,other_gender,
2025-03-21T01:45:11.267295,3,1,Gender,gen_cgi,5
2025-03-21T01:45:13.320032,3,1,Income,inc,12
2025-03-21T01:45:13.320088,3,1,Income,inc_hh,21
2025-03-21T02:34:32.022297,2,1,Nationality,spbrn,1
2025-03-21T02:34:32.022378,2,1,Nationality,cntbrn,
2025-03-21T02:34:32.022392,2,1,Nationality,spcit,1
2025-03-21T02:34:32.022402,2,1,Nationality,other_cit,
2025-03-21T02:34:32.022413,2,1,Nationality,primlang,12
2025-03-21T02:34:33.879560,2,1,Education,degree,6
2025-03-21T02:34:37.929122,2,1,Gender,sex,2
2025-03-21T02:34:37.929232,2,1,Gender,gen,2
2025-03-21T02:34:37.929254,2,1,Gender,other_gender,
2025-03-21T02:34:37.929273,2,1,Gender,gen_cgi,3
2025-03-21T02:34:40.247781,2,1,Income,inc,12
2025-03-21T02:34:40.247831,2,1,Income,inc_hh,21
2025-03-21T02:42:25.802274,1,1,Nationality,spbrn,1
2025-03-21T02:42:25.802643,1,1,Nationality,cntbrn,
2025-03-21T02:42:25.802664,1,1,Nationality,spcit,1
2025-03-21T02:42:25.802680,1,1,Nationality,other_cit,
2025-03-21T02:42:25.803209,1,1,Nationality,primlang,English
2025-03-21T02:42:29.409797,1,1,Education,degree,5
2025-03-21T02:42:34.165137,1,1,Gender,sex,2
2025-03-21T02:42:34.165237,1,1,Gender,gen,2
2025-03-21T02:42:34.165254,1,1,Gender,other_gender,
2025-03-21T02:42:34.165269,1,1,Gender,gen_cgi,3
2025-03-21T02:42:36.687901,1,1,Income,inc,12
2025-03-21T02:42:36.687991,1,1,Income,inc_hh,21
2025-03-21T02:43:03.756521,2,1,Nationality,spbrn,1
2025-03-21T02:43:03.756596,2,1,Nationality,cntbrn,
2025-03-21T02:43:03.756610,2,1,Nationality,spcit,1
2025-03-21T02:43:03.756627,2,1,Nationality,other_cit,
2025-03-21T02:43:03.756637,2,1,Nationality,primlang,12
2025-03-21T02:43:05.431924,2,1,Education,degree,5
2025-03-21T02:43:09.213527,2,1,Gender,sex,2
2025-03-21T02:43:09.213662,2,1,Gender,gen,2
2025-03-21T02:43:09.213687,2,1,Gender,other_gender,
2025-03-21T02:43:09.213708,2,1,Gender,gen_cgi,3
2025-03-21T02:43:11.163264,2,1,Income,inc,12
2025-03-21T02:43:11.163331,2,1,Income,inc_hh,21
2025-03-21T02:44:42.754939,3,1,Nationality,spbrn,1
2025-03-21T02:44:42.755024,3,1,Nationality,cntbrn,
2025-03-21T02:44:42.755037,3,1,Nationality,spcit,2
2025-03-21T02:44:42.755047,3,1,Nationality,other_cit,12
2025-03-21T02:44:42.755058,3,1,Nationality,primlang,21
2025-03-21T02:44:44.805266,3,1,Education,degree,5
2025-03-21T02:44:49.367625,3,1,Gender,sex,1
2025-03-21T02:44:49.367701,3,1,Gender,gen,3
2025-03-21T02:44:49.367714,3,1,Gender,other_gender,
2025-03-21T02:44:49.367725,3,1,Gender,gen_cgi,4
2025-03-21T02:44:51.716592,3,1,Income,inc,21
2025-03-21T02:44:51.716652,3,1,Income,inc_hh,12
2025-03-21T02:56:26.473107,1,1,Nationality,spbrn,1
2025-03-21T02:56:26.473220,1,1,Nationality,cntbrn,
2025-03-21T02:56:26.473239,1,1,Nationality,spcit,1
2025-03-21T02:56:26.473252,1,1,Nationality,other_cit,
2025-03-21T02:56:26.473265,1,1,Nationality,primlang,12
2025-03-21T02:56:29.514379,1,1,Education,degree,6
2025-03-21T02:56:33.776258,1,1,Gender,sex,2
2025-03-21T02:56:33.776354,1,1,Gender,gen,1
2025-03-21T02:56:33.776377,1,1,Gender,other_gender,
2025-03-21T02:56:33.776397,1,1,Gender,gen_cgi,3
2025-03-21T02:56:36.004956,1,1,Income,inc,12
2025-03-21T02:56:36.005051,1,1,Income,inc_hh,21
2025-03-21T02:57:06.903353,2,1,Nationality,spbrn,1
2025-03-21T02:57:06.903430,2,1,Nationality,cntbrn,
2025-03-21T02:57:06.903447,2,1,Nationality,spcit,1
2025-03-21T02:57:06.903461,2,1,Nationality,other_cit,
2025-03-21T02:57:06.903476,2,1,Nationality,primlang,12
2025-03-21T02:57:08.951247,2,1,Education,degree,8
2025-03-21T02:57:13.280305,2,1,Gender,sex,1
2025-03-21T02:57:13.280415,2,1,Gender,gen,2
2025-03-21T02:57:13.280451,2,1,Gender,other_gender,
2025-03-21T02:57:13.280532,2,1,Gender,gen_cgi,3
2025-03-21T02:57:15.542031,2,1,Income,inc,12
2025-03-21T02:57:15.542087,2,1,Income,inc_hh,21
2025-03-21T03:01:40.453941,1,1,PrimingBaseline,qp1,2
2025-03-21T03:01:40.454012,1,1,PrimingBaseline,qp2,5
2025-03-21T03:01:40.454019,1,1,PrimingBaseline,qp3,2
2025-03-21T03:01:48.307332,3,1,Nationality,spbrn,1
2025-03-21T03:01:48.307479,3,1,Nationality,cntbrn,
2025-03-21T03:01:48.307498,3,1,Nationality,spcit,1
2025-03-21T03:01:48.307513,3,1,Nationality,other_cit,
2025-03-21T03:01:48.307527,3,1,Nationality,primlang,12
2025-03-21T03:01:50.271831,3,1,Education,degree,9
2025-03-21T03:01:53.871514,3,1,Gender,sex,2
2025-03-21T03:01:53.871607,3,1,Gender,gen,3
2025-03-21T03:01:53.871625,3,1,Gender,other_gender,
2025-03-21T03:01:53.871640,3,1,Gender,gen_cgi,2
2025-03-21T03:01:55.995186,3,1,Income,inc,12
2025-03-21T03:01:55.995266,3,1,Income,inc_hh,21
2025-03-21T03:02:08.460121,3,1,PrimingBaseline,qp1,2
2025-03-21T03:02:08.460262,3,1,PrimingBaseline,qp2,5
2025-03-21T03:02:08.460280,3,1,PrimingBaseline,qp3,2
2025-03-21T03:02:36.132194,2,1,PrimingBaseline,qp1,3
2025-03-21T03:02:36.132313,2,1,PrimingBaseline,qp2,5
2025-03-21T03:02:36.132337,2,1,PrimingBaseline,qp3,3
2025-03-21T03:02:47.822823,1,1,Part1a,cmt_propr,12
2025-03-21T03:02:47.822938,1,1,Part1a,cmt_vtr,21
2025-03-21T03:02:48.603145,2,1,Part1a,cmt_propr,10
2025-03-21T03:02:48.603197,2,1,Part1a,cmt_vtr,10
2025-03-21T03:02:49.471876,3,1,Part1a,cmt_propr,10
2025-03-21T03:02:49.471957,3,1,Part1a,cmt_vtr,10
2025-03-21T03:03:13.352555,1,1,Part1b,retaliation,4
2025-03-21T03:03:13.352644,1,1,Part1b,retaliation_other,4
2025-03-21T03:03:13.352657,1,1,Part1b,mwc,5
2025-03-21T03:03:13.352667,1,1,Part1b,mwc_others,3
2025-03-21T03:03:17.321363,1,1,Part1c,atq_1,12
2025-03-21T03:03:17.321417,1,1,Part1c,atq_2,21
2025-03-21T03:03:17.321429,1,1,Part1c,atq_3,12
2025-03-21T03:09:28.603526,1,1,Part1d,age,18
2025-03-21T03:09:28.603587,1,1,Part1d,risk,4
2025-03-21T03:09:34.638668,1,1,Part3b,occ,Student
2025-03-21T03:09:34.638749,1,1,Part3b,volunt,2
2025-03-21T03:09:34.638788,1,1,Part3b,volunt_hrs,
2025-03-21T03:09:38.943909,1,1,Part2a,econ,12
2025-03-21T03:09:38.944039,1,1,Part2a,party_like,1
2025-03-21T03:09:38.944058,1,1,Part2a,party,12
2025-03-21T03:09:38.944073,1,1,Part2a,party_prox,
2025-03-21T03:09:47.320239,1,1,Part4b,plop_unempl,7
2025-03-21T03:09:47.320344,1,1,Part4b,plop_comp,6
2025-03-21T03:09:47.320362,1,1,Part4b,plop_incdist,8
2025-03-21T03:09:47.320377,1,1,Part4b,plop_priv,4
2025-03-21T03:09:47.320392,1,1,Part4b,plop_luckeffort,7
2025-03-21T03:10:05.437148,1,1,Part5,rel,1
2025-03-21T03:10:05.437230,1,1,Part5,rel_spec,7
2025-03-21T03:10:09.253536,1,1,Part7,mth_spbrn,1
2025-03-21T03:10:09.253666,1,1,Part7,mth_cntbrn,
2025-03-21T03:10:09.253689,1,1,Part7,fth_spbrn,1
2025-03-21T03:10:09.253708,1,1,Part7,fth_cntbrn,
2025-03-21T03:10:15.278859,1,1,Part9,mwc_bonus,3
2025-03-21T03:10:15.278947,1,1,Part9,mwc_bonus_others,3
2025-03-21T03:10:15.278962,1,1,Part9,enjoy,5
2025-03-21T03:37:01.792667,1,1,Nationality,spbrn,1
2025-03-21T03:37:01.792733,1,1,Nationality,cntbrn,
2025-03-21T03:37:01.792748,1,1,Nationality,spcit,1
2025-03-21T03:37:01.792760,1,1,Nationality,other_cit,
2025-03-21T03:37:01.792771,1,1,Nationality,primlang,English
2025-03-21T03:37:04.353624,2,1,Nationality,spbrn,2
2025-03-21T03:37:04.353752,2,1,Nationality,cntbrn,UAE
2025-03-21T03:37:04.353771,2,1,Nationality,spcit,2
2025-03-21T03:37:04.353783,2,1,Nationality,other_cit,Emirati
2025-03-21T03:37:04.353794,2,1,Nationality,primlang,English
2025-03-21T03:37:17.826462,3,1,Nationality,spbrn,2
2025-03-21T03:37:17.826540,3,1,Nationality,cntbrn,China
2025-03-21T03:37:17.826558,3,1,Nationality,spcit,2
2025-03-21T03:37:17.826601,3,1,Nationality,other_cit,Chinese
2025-03-21T03:37:17.826624,3,1,Nationality,primlang,Mandarin Chinese
2025-03-21T03:37:28.795976,1,1,Education,degree,24
2025-03-21T03:37:29.761765,2,1,Education,degree,8
2025-03-21T03:37:30.989599,3,1,Education,degree,26
2025-03-21T03:37:52.318693,1,1,Gender,sex,4
2025-03-21T03:37:52.318788,1,1,Gender,gen,4
2025-03-21T03:37:52.318806,1,1,Gender,other_gender,Unknown
2025-03-21T03:37:52.318820,1,1,Gender,gen_cgi,4
2025-03-21T03:37:53.742149,2,1,Gender,sex,1
2025-03-21T03:37:53.742289,2,1,Gender,gen,1
2025-03-21T03:37:53.742305,2,1,Gender,other_gender,
2025-03-21T03:37:53.742316,2,1,Gender,gen_cgi,2
2025-03-21T03:37:54.824090,3,1,Gender,sex,2
2025-03-21T03:37:54.824173,3,1,Gender,gen,2
2025-03-21T03:37:54.824191,3,1,Gender,other_gender,
2025-03-21T03:37:54.824206,3,1,Gender,gen_cgi,8
2025-03-21T03:38:14.530637,1,1,Income,inc,1000000
2025-03-21T03:38:14.530717,1,1,Income,inc_hh,1000000
2025-03-21T03:38:17.808521,2,1,Income,inc,1000000
2025-03-21T03:38:17.808601,2,1,Income,inc_hh,1000000
2025-03-21T03:38:20.989580,3,1,Income,inc,1000000
2025-03-21T03:38:20.989647,3,1,Income,inc_hh,1000000
2025-03-21T03:39:01.813163,1,1,PrimingBaseline,qp1,4
2025-03-21T03:39:01.813240,1,1,PrimingBaseline,qp2,3
2025-03-21T03:39:01.813248,1,1,PrimingBaseline,qp3,3
2025-03-21T03:39:14.602504,3,1,PrimingBaseline,qp1,4
2025-03-21T03:39:14.602615,3,1,PrimingBaseline,qp2,3
2025-03-21T03:39:14.602632,3,1,PrimingBaseline,qp3,5
2025-03-21T04:28:08.420323,1,2,Nationality,spbrn,1
2025-03-21T04:28:08.420421,1,2,Nationality,cntbrn,
2025-03-21T04:28:08.420438,1,2,Nationality,spcit,1
2025-03-21T04:28:08.420452,1,2,Nationality,other_cit,
2025-03-21T04:28:08.420466,1,2,Nationality,primlang,English
2025-03-21T04:28:39.833853,1,2,Education,degree,8
2025-03-21T04:36:33.060521,2,1,Nationality,spbrn,1
2025-03-21T04:36:33.060601,2,1,Nationality,cntbrn,
2025-03-21T04:36:33.060615,2,1,Nationality,spcit,1
2025-03-21T04:36:33.060626,2,1,Nationality,other_cit,
2025-03-21T04:36:33.060637,2,1,Nationality,primlang,1
2025-03-21T04:46:23.767007,1,1,Nationality,spbrn,1
2025-03-21T04:46:23.767049,1,1,Nationality,cntbrn,
2025-03-21T04:46:23.767057,1,1,Nationality,spcit,1
2025-03-21T04:46:23.767062,1,1,Nationality,other_cit,
2025-03-21T04:46:23.767068,1,1,Nationality,primlang,English
2025-03-21T04:46:24.467683,2,1,Nationality,spbrn,2
2025-03-21T04:46:24.467759,2,1,Nationality,cntbrn,China
2025-03-21T04:46:24.467774,2,1,Nationality,spcit,2
2025-03-21T04:46:24.467786,2,1,Nationality,other_cit,Chinese
2025-03-21T04:46:24.467799,2,1,Nationality,primlang,Mandarin
2025-03-21T04:46:31.202915,3,1,Nationality,spbrn,1
2025-03-21T04:46:31.202992,3,1,Nationality,cntbrn,
2025-03-21T04:46:31.203009,3,1,Nationality,spcit,1
2025-03-21T04:46:31.203022,3,1,Nationality,other_cit,
2025-03-21T04:46:31.203034,3,1,Nationality,primlang,Filipino
2025-03-21T04:46:40.837262,1,1,Education,degree,20
2025-03-21T04:46:41.619111,2,1,Education,degree,26
2025-03-21T04:46:42.928690,3,1,Education,degree,2
2025-03-21T04:47:01.765491,1,1,Gender,sex,2
2025-03-21T04:47:01.765665,1,1,Gender,gen,2
2025-03-21T04:47:01.765702,1,1,Gender,other_gender,
2025-03-21T04:47:01.765715,1,1,Gender,gen_cgi,9
2025-03-21T04:47:02.830588,2,1,Gender,sex,1
2025-03-21T04:47:02.830694,2,1,Gender,gen,1
2025-03-21T04:47:02.830707,2,1,Gender,other_gender,
2025-03-21T04:47:02.830718,2,1,Gender,gen_cgi,1
2025-03-21T04:47:03.573549,3,1,Gender,sex,4
2025-03-21T04:47:03.573626,3,1,Gender,gen,4
2025-03-21T04:47:03.573638,3,1,Gender,other_gender,Unknown
2025-03-21T04:47:03.573649,3,1,Gender,gen_cgi,5
2025-03-21T04:47:12.511058,1,1,Income,inc,1000
2025-03-21T04:47:12.511194,1,1,Income,inc_hh,1000
2025-03-21T04:47:13.276976,2,1,Income,inc,1000
2025-03-21T04:47:13.277062,2,1,Income,inc_hh,1000
2025-03-21T04:47:14.838331,3,1,Income,inc,1000
2025-03-21T04:47:14.838424,3,1,Income,inc_hh,1000
2025-03-21T04:47:55.594707,1,1,PrimingBaseline,qp1,1
2025-03-21T04:47:55.594820,1,1,PrimingBaseline,qp2,2
2025-03-21T04:47:55.594833,1,1,PrimingBaseline,qp3,2
2025-03-21T04:48:07.769164,3,1,PrimingBaseline,qp1,2
2025-03-21T04:48:07.769252,3,1,PrimingBaseline,qp2,6
2025-03-21T04:48:07.769274,3,1,PrimingBaseline,qp3,2
2025-03-21T04:53:52.426833,2,5,PrimingBaseline,qp1,3
2025-03-21T04:53:52.426930,2,5,PrimingBaseline,qp2,6
2025-03-21T04:53:52.426954,2,5,PrimingBaseline,qp3,2
2025-03-21T04:53:58.201484,1,5,Part1a,cmt_propr,12
2025-03-21T04:53:58.201557,1,5,Part1a,cmt_vtr,21
2025-03-21T04:54:03.111915,1,5,Part1b,retaliation,4
2025-03-21T04:54:03.112069,1,5,Part1b,retaliation_other,4
2025-03-21T04:54:03.112101,1,5,Part1b,mwc,5
2025-03-21T04:54:03.112128,1,5,Part1b,mwc_others,4
2025-03-21T04:54:05.387018,1,5,Part1c,atq_1,12
2025-03-21T04:54:05.387077,1,5,Part1c,atq_2,21
2025-03-21T04:54:05.387090,1,5,Part1c,atq_3,12
2025-03-21T04:54:30.915370,1,5,Part1d,age,26
2025-03-21T04:54:30.915451,1,5,Part1d,risk,4
2025-03-21T04:55:03.009263,1,5,Part1d,age,18
2025-03-21T04:55:03.009353,1,5,Part1d,risk,3
2025-03-21T04:55:26.397994,1,5,Part3b,occ,ยง1
2025-03-21T04:55:26.398099,1,5,Part3b,volunt,1
2025-03-21T04:55:26.398114,1,5,Part3b,volunt_hrs,3
2025-03-21T04:55:35.973107,1,5,Part2a,econ,12
2025-03-21T04:55:35.973179,1,5,Part2a,party_like,1
2025-03-21T04:55:35.973192,1,5,Part2a,party,12
2025-03-21T04:55:35.973202,1,5,Part2a,party_prox,
2025-03-21T04:55:43.962781,1,5,Part4b,plop_unempl,7
2025-03-21T04:55:43.962865,1,5,Part4b,plop_comp,3
2025-03-21T04:55:43.962877,1,5,Part4b,plop_incdist,9
2025-03-21T04:55:43.962888,1,5,Part4b,plop_priv,3
2025-03-21T04:55:43.962898,1,5,Part4b,plop_luckeffort,3
2025-03-21T04:55:46.523696,1,5,Part5,rel,2
2025-03-21T04:55:46.523774,1,5,Part5,rel_spec,
2025-03-21T04:55:48.844449,1,5,Part7,mth_spbrn,1
2025-03-21T04:55:48.844545,1,5,Part7,mth_cntbrn,
2025-03-21T04:55:48.844567,1,5,Part7,fth_spbrn,1
2025-03-21T04:55:48.844586,1,5,Part7,fth_cntbrn,
2025-03-21T04:55:52.854802,1,5,Part9,mwc_bonus,3
2025-03-21T04:55:52.854894,1,5,Part9,mwc_bonus_others,4
2025-03-21T04:55:52.854909,1,5,Part9,enjoy,8
2025-03-21T04:56:14.594060,1,5,Part10,bonus,Bargaining
2025-03-21T04:59:33.248184,1,1,Nationality,spbrn,1
2025-03-21T04:59:33.248279,1,1,Nationality,cntbrn,
2025-03-21T04:59:33.248298,1,1,Nationality,spcit,1
2025-03-21T04:59:33.248314,1,1,Nationality,other_cit,
2025-03-21T04:59:33.248328,1,1,Nationality,primlang,English
2025-03-21T04:59:33.940320,2,1,Nationality,spbrn,2
2025-03-21T04:59:33.940392,2,1,Nationality,cntbrn,Philippines
2025-03-21T04:59:33.940405,2,1,Nationality,spcit,2
2025-03-21T04:59:33.940416,2,1,Nationality,other_cit,Filipino
2025-03-21T04:59:33.940427,2,1,Nationality,primlang,Tagalog
2025-03-21T04:59:42.808188,3,1,Nationality,spbrn,2
2025-03-21T04:59:42.808285,3,1,Nationality,cntbrn,China
2025-03-21T04:59:42.808305,3,1,Nationality,spcit,2
2025-03-21T04:59:42.808320,3,1,Nationality,other_cit,Chinese
2025-03-21T04:59:42.808335,3,1,Nationality,primlang,Mandarin
2025-03-21T04:59:50.428678,1,1,Education,degree,14
2025-03-21T04:59:51.091681,2,1,Education,degree,20
2025-03-21T04:59:52.017248,3,1,Education,degree,26
2025-03-21T05:00:06.169493,1,1,Gender,sex,1
2025-03-21T05:00:06.169564,1,1,Gender,gen,1
2025-03-21T05:00:06.169577,1,1,Gender,other_gender,
2025-03-21T05:00:06.169588,1,1,Gender,gen_cgi,0
2025-03-21T05:00:06.896758,2,1,Gender,sex,2
2025-03-21T05:00:06.896824,2,1,Gender,gen,2
2025-03-21T05:00:06.896836,2,1,Gender,other_gender,
2025-03-21T05:00:06.896847,2,1,Gender,gen_cgi,7
2025-03-21T05:00:07.622207,3,1,Gender,sex,4
2025-03-21T05:00:07.622371,3,1,Gender,gen,4
2025-03-21T05:00:07.622390,3,1,Gender,other_gender,Unknown
2025-03-21T05:00:07.622403,3,1,Gender,gen_cgi,5
2025-03-21T05:00:11.418766,1,1,Income,inc,1000
2025-03-21T05:00:11.418844,1,1,Income,inc_hh,1000
2025-03-21T05:00:13.498813,2,1,Income,inc,1000
2025-03-21T05:00:13.498908,2,1,Income,inc_hh,1000
2025-03-21T05:00:16.304343,3,1,Income,inc,1000
2025-03-21T05:00:16.304417,3,1,Income,inc_hh,1000
2025-03-21T05:04:32.641006,1,1,Nationality,spbrn,1
2025-03-21T05:04:32.641099,1,1,Nationality,cntbrn,
2025-03-21T05:04:32.641114,1,1,Nationality,spcit,1
2025-03-21T05:04:32.641126,1,1,Nationality,other_cit,
2025-03-21T05:04:32.641137,1,1,Nationality,primlang,English
2025-03-21T05:04:33.248713,2,1,Nationality,spbrn,3
2025-03-21T05:04:33.248770,2,1,Nationality,cntbrn,
2025-03-21T05:04:33.248783,2,1,Nationality,spcit,3
2025-03-21T05:04:33.248794,2,1,Nationality,other_cit,
2025-03-21T05:04:33.248805,2,1,Nationality,primlang,Don't Know
2025-03-21T05:04:34.053995,3,1,Nationality,spbrn,2
2025-03-21T05:04:34.054096,3,1,Nationality,cntbrn,china
2025-03-21T05:04:34.054119,3,1,Nationality,spcit,2
2025-03-21T05:04:34.054139,3,1,Nationality,other_cit,Chinese
2025-03-21T05:04:34.054159,3,1,Nationality,primlang,Mandarin
2025-03-21T05:04:40.723529,1,1,Education,degree,16
2025-03-21T05:04:41.450076,2,1,Education,degree,24
2025-03-21T05:04:42.451417,3,1,Education,degree,26
2025-03-21T05:04:56.280472,1,1,Gender,sex,1
2025-03-21T05:04:56.280577,1,1,Gender,gen,1
2025-03-21T05:04:56.280589,1,1,Gender,other_gender,
2025-03-21T05:04:56.280600,1,1,Gender,gen_cgi,0
2025-03-21T05:04:56.833476,2,1,Gender,sex,2
2025-03-21T05:04:56.833537,2,1,Gender,gen,2
2025-03-21T05:04:56.833550,2,1,Gender,other_gender,
2025-03-21T05:04:56.833561,2,1,Gender,gen_cgi,8
2025-03-21T05:04:57.624768,3,1,Gender,sex,4
2025-03-21T05:04:57.624980,3,1,Gender,gen,4
2025-03-21T05:04:57.625000,3,1,Gender,other_gender,Unknown
2025-03-21T05:04:57.625012,3,1,Gender,gen_cgi,5
2025-03-21T05:05:05.329551,1,1,Income,inc,10000
2025-03-21T05:05:05.329662,1,1,Income,inc_hh,10000
2025-03-21T05:05:05.903852,2,1,Income,inc,10000
2025-03-21T05:05:05.903934,2,1,Income,inc_hh,10000
2025-03-21T05:05:06.587208,3,1,Income,inc,10000
2025-03-21T05:05:06.587328,3,1,Income,inc_hh,10000
2025-03-21T05:06:18.977134,1,1,PrimingBaseline,qp1,4
2025-03-21T05:06:18.977241,1,1,PrimingBaseline,qp2,8
2025-03-21T05:06:18.977255,1,1,PrimingBaseline,qp3,3
2025-03-21T05:06:24.305363,2,1,PrimingBaseline,qp1,4
2025-03-21T05:06:24.305431,2,1,PrimingBaseline,qp2,5
2025-03-21T05:06:24.305445,2,1,PrimingBaseline,qp3,3
2025-03-21T05:06:41.343629,1,1,Nationality,spbrn,2
2025-03-21T05:06:41.343789,1,1,Nationality,cntbrn,12
2025-03-21T05:06:41.343807,1,1,Nationality,spcit,1
2025-03-21T05:06:41.343820,1,1,Nationality,other_cit,
2025-03-21T05:06:41.343831,1,1,Nationality,primlang,12
2025-03-21T05:06:43.304734,1,1,Education,degree,9
2025-03-21T05:06:46.417947,1,1,Gender,sex,4
2025-03-21T05:06:46.418033,1,1,Gender,gen,3
2025-03-21T05:06:46.418045,1,1,Gender,other_gender,
2025-03-21T05:06:46.418055,1,1,Gender,gen_cgi,2
2025-03-21T05:06:48.412441,1,1,Income,inc,12
2025-03-21T05:06:48.412518,1,1,Income,inc_hh,21
2025-03-21T05:06:57.365076,1,1,PrimingBaseline,qp1,4
2025-03-21T05:06:57.365134,1,1,PrimingBaseline,qp2,5
2025-03-21T05:06:57.365148,1,1,PrimingBaseline,qp3,4
2025-03-21T05:09:26.150740,1,1,Nationality,spbrn,1
2025-03-21T05:09:26.150936,1,1,Nationality,cntbrn,
2025-03-21T05:09:26.150953,1,1,Nationality,spcit,1
2025-03-21T05:09:26.150967,1,1,Nationality,other_cit,
2025-03-21T05:09:26.150980,1,1,Nationality,primlang,English
2025-03-21T05:09:35.883003,2,1,Nationality,spbrn,2
2025-03-21T05:09:35.883093,2,1,Nationality,cntbrn,China
2025-03-21T05:09:35.883109,2,1,Nationality,spcit,2
2025-03-21T05:09:35.883122,2,1,Nationality,other_cit,Chinese
2025-03-21T05:09:35.883135,2,1,Nationality,primlang,Mandarin
2025-03-21T05:09:41.041140,3,1,Nationality,spbrn,3
2025-03-21T05:09:41.041193,3,1,Nationality,cntbrn,
2025-03-21T05:09:41.041201,3,1,Nationality,spcit,3
2025-03-21T05:09:41.041207,3,1,Nationality,other_cit,
2025-03-21T05:09:41.041213,3,1,Nationality,primlang,English
2025-03-21T05:09:47.209109,1,1,Education,degree,10
2025-03-21T05:09:47.922202,2,1,Education,degree,20
2025-03-21T05:09:48.694314,3,1,Education,degree,26
2025-03-21T05:10:03.394943,3,1,Gender,sex,4
2025-03-21T05:10:03.395040,3,1,Gender,gen,4
2025-03-21T05:10:03.395055,3,1,Gender,other_gender,Unknown
2025-03-21T05:10:03.395068,3,1,Gender,gen_cgi,5
2025-03-21T05:10:04.474151,2,1,Gender,sex,2
2025-03-21T05:10:04.474248,2,1,Gender,gen,2
2025-03-21T05:10:04.474260,2,1,Gender,other_gender,
2025-03-21T05:10:04.474271,2,1,Gender,gen_cgi,6
2025-03-21T05:10:05.432250,1,1,Gender,sex,1
2025-03-21T05:10:05.432377,1,1,Gender,gen,1
2025-03-21T05:10:05.432399,1,1,Gender,other_gender,
2025-03-21T05:10:05.432419,1,1,Gender,gen_cgi,1
2025-03-21T05:10:08.746200,1,1,Income,inc,1000
2025-03-21T05:10:08.746297,1,1,Income,inc_hh,1000
2025-03-21T05:10:10.419983,2,1,Income,inc,1000
2025-03-21T05:10:10.420042,2,1,Income,inc_hh,1000
2025-03-21T05:10:12.062855,3,1,Income,inc,1000
2025-03-21T05:10:12.062927,3,1,Income,inc_hh,1000
2025-03-21T05:18:53.682619,1,1,Nationality,spbrn,1
2025-03-21T05:18:53.682735,1,1,Nationality,cntbrn,
2025-03-21T05:18:53.682752,1,1,Nationality,spcit,1
2025-03-21T05:18:53.682765,1,1,Nationality,other_cit,
2025-03-21T05:18:53.682778,1,1,Nationality,primlang,English
2025-03-21T05:19:00.500812,2,1,Nationality,spbrn,2
2025-03-21T05:19:00.500936,2,1,Nationality,cntbrn,China
2025-03-21T05:19:00.500949,2,1,Nationality,spcit,2
2025-03-21T05:19:00.500961,2,1,Nationality,other_cit,Chinese
2025-03-21T05:19:00.500972,2,1,Nationality,primlang,Mandarin
2025-03-21T05:19:03.156541,3,1,Nationality,spbrn,3
2025-03-21T05:19:03.156622,3,1,Nationality,cntbrn,
2025-03-21T05:19:03.156635,3,1,Nationality,spcit,3
2025-03-21T05:19:03.156646,3,1,Nationality,other_cit,
2025-03-21T05:19:03.156656,3,1,Nationality,primlang,English
2025-03-21T05:19:10.471975,1,1,Education,degree,21
2025-03-21T05:19:11.280884,2,1,Education,degree,25
2025-03-21T05:19:12.583809,3,1,Education,degree,15
2025-03-21T05:19:27.025691,1,1,Gender,sex,1
2025-03-21T05:19:27.025839,1,1,Gender,gen,1
2025-03-21T05:19:27.025855,1,1,Gender,other_gender,
2025-03-21T05:19:27.025866,1,1,Gender,gen_cgi,2
2025-03-21T05:19:27.594894,2,1,Gender,sex,2
2025-03-21T05:19:27.594974,2,1,Gender,gen,2
2025-03-21T05:19:27.594990,2,1,Gender,other_gender,
2025-03-21T05:19:27.595002,2,1,Gender,gen_cgi,6
2025-03-21T05:19:28.318646,3,1,Gender,sex,4
2025-03-21T05:19:28.318723,3,1,Gender,gen,4
2025-03-21T05:19:28.318735,3,1,Gender,other_gender,Unknown
2025-03-21T05:19:28.318746,3,1,Gender,gen_cgi,5
2025-03-21T05:19:36.174162,1,1,Income,inc,1000
2025-03-21T05:19:36.174247,1,1,Income,inc_hh,1000
2025-03-21T05:19:37.125747,2,1,Income,inc,1000
2025-03-21T05:19:37.125906,2,1,Income,inc_hh,1000
2025-03-21T05:19:37.787141,3,1,Income,inc,1000
2025-03-21T05:19:37.787235,3,1,Income,inc_hh,1000
2025-03-21T05:20:14.840498,1,1,PrimingBaseline,qp1,1
2025-03-21T05:20:14.840600,1,1,PrimingBaseline,qp2,8
2025-03-21T05:20:14.840613,1,1,PrimingBaseline,qp3,3
2025-03-21T05:27:21.711975,1,1,Nationality,spbrn,1
2025-03-21T05:27:21.712052,1,1,Nationality,cntbrn,
2025-03-21T05:27:21.712068,1,1,Nationality,spcit,1
2025-03-21T05:27:21.712079,1,1,Nationality,other_cit,
2025-03-21T05:27:21.712091,1,1,Nationality,primlang,English
2025-03-21T05:27:22.384142,2,1,Nationality,spbrn,2
2025-03-21T05:27:22.384209,2,1,Nationality,cntbrn,China
2025-03-21T05:27:22.384222,2,1,Nationality,spcit,2
2025-03-21T05:27:22.384233,2,1,Nationality,other_cit,Chinese
2025-03-21T05:27:22.384243,2,1,Nationality,primlang,Mandarin
2025-03-21T05:27:24.909844,3,1,Nationality,spbrn,3
2025-03-21T05:27:24.909922,3,1,Nationality,cntbrn,
2025-03-21T05:27:24.909941,3,1,Nationality,spcit,3
2025-03-21T05:27:24.909952,3,1,Nationality,other_cit,
2025-03-21T05:27:24.909963,3,1,Nationality,primlang,English
2025-03-21T05:27:32.104251,1,1,Education,degree,10
2025-03-21T05:27:32.920033,2,1,Education,degree,20
2025-03-21T05:27:33.661523,3,1,Education,degree,26
2025-03-21T05:27:48.225291,1,1,Gender,sex,2
2025-03-21T05:27:48.225444,1,1,Gender,gen,2
2025-03-21T05:27:48.225461,1,1,Gender,other_gender,
2025-03-21T05:27:48.225474,1,1,Gender,gen_cgi,8
2025-03-21T05:27:48.976879,2,1,Gender,sex,1
2025-03-21T05:27:48.976957,2,1,Gender,gen,1
2025-03-21T05:27:48.976969,2,1,Gender,other_gender,
2025-03-21T05:27:48.976980,2,1,Gender,gen_cgi,5
2025-03-21T05:27:49.790696,3,1,Gender,sex,4
2025-03-21T05:27:49.790831,3,1,Gender,gen,4
2025-03-21T05:27:49.790849,3,1,Gender,other_gender,Unknown
2025-03-21T05:27:49.790865,3,1,Gender,gen_cgi,5
2025-03-21T05:27:55.268926,1,1,Income,inc,1000
2025-03-21T05:27:55.269015,1,1,Income,inc_hh,1000
2025-03-21T05:27:57.757286,2,1,Income,inc,1000
2025-03-21T05:27:57.757395,2,1,Income,inc_hh,1000
2025-03-21T05:28:00.295653,3,1,Income,inc,1000
2025-03-21T05:28:00.295748,3,1,Income,inc_hh,1000
2025-03-21T05:28:32.140316,1,1,PrimingBaseline,qp1,4
2025-03-21T05:28:32.140428,1,1,PrimingBaseline,qp2,4
2025-03-21T05:28:32.140441,1,1,PrimingBaseline,qp3,4
2025-03-21T05:28:40.219351,2,1,PrimingBaseline,qp1,1
2025-03-21T05:28:40.219430,2,1,PrimingBaseline,qp2,9
2025-03-21T05:28:40.219444,2,1,PrimingBaseline,qp3,1
2025-03-21T05:31:39.321806,3,5,PrimingBaseline,qp1,1
2025-03-21T05:31:39.321882,3,5,PrimingBaseline,qp2,5
2025-03-21T05:31:39.321899,3,5,PrimingBaseline,qp3,1
2025-03-21T05:31:49.543954,1,5,Part1a,cmt_propr,considerations
2025-03-21T05:31:49.544064,1,5,Part1a,cmt_vtr,considerations
2025-03-21T05:31:51.659247,2,5,Part1a,cmt_propr,considerations
2025-03-21T05:31:51.659334,2,5,Part1a,cmt_vtr,considerations
2025-03-21T05:31:55.419058,3,5,Part1a,cmt_propr,apple
2025-03-21T05:31:55.419172,3,5,Part1a,cmt_vtr,orange
2025-03-21T05:32:01.658378,1,5,Part1b,retaliation,5
2025-03-21T05:32:01.658463,1,5,Part1b,retaliation_other,2
2025-03-21T05:32:01.658477,1,5,Part1b,mwc,5
2025-03-21T05:32:01.658489,1,5,Part1b,mwc_others,6
2025-03-21T05:32:08.685235,2,5,Part1b,retaliation,5
2025-03-21T05:32:08.685493,2,5,Part1b,retaliation_other,4
2025-03-21T05:32:08.685518,2,5,Part1b,mwc,5
2025-03-21T05:32:08.685533,2,5,Part1b,mwc_others,5
2025-03-21T05:32:14.488736,3,5,Part1b,retaliation,4
2025-03-21T05:32:14.488869,3,5,Part1b,retaliation_other,2
2025-03-21T05:32:14.488890,3,5,Part1b,mwc,4
2025-03-21T05:32:14.488904,3,5,Part1b,mwc_others,4
2025-03-21T05:32:19.688494,2,5,Part1c,atq_1,12
2025-03-21T05:32:19.688611,2,5,Part1c,atq_2,21
2025-03-21T05:32:19.688626,2,5,Part1c,atq_3,20
2025-03-21T05:32:24.310151,2,5,Part1d,age,28
2025-03-21T05:32:24.310255,2,5,Part1d,risk,6
2025-03-21T05:32:29.786160,2,5,Part3b,occ,Student
2025-03-21T05:32:29.786322,2,5,Part3b,volunt,1
2025-03-21T05:32:29.786340,2,5,Part3b,volunt_hrs,3
2025-03-21T05:32:35.931840,2,5,Part2a,econ,2
2025-03-21T05:32:35.931915,2,5,Part2a,party_like,2
2025-03-21T05:32:35.931928,2,5,Part2a,party,
2025-03-21T05:32:35.931939,2,5,Part2a,party_prox,
2025-03-21T05:32:44.736913,2,5,Part4b,plop_unempl,5
2025-03-21T05:32:44.737033,2,5,Part4b,plop_comp,3
2025-03-21T05:32:44.737048,2,5,Part4b,plop_incdist,8
2025-03-21T05:32:44.737062,2,5,Part4b,plop_priv,9
2025-03-21T05:32:44.737074,2,5,Part4b,plop_luckeffort,9
2025-03-21T05:32:54.579677,2,5,Part5,rel,1
2025-03-21T05:32:54.579755,2,5,Part5,rel_spec,1
2025-03-21T05:33:00.963345,2,5,Part7,mth_spbrn,1
2025-03-21T05:33:00.963415,2,5,Part7,mth_cntbrn,
2025-03-21T05:33:00.963426,2,5,Part7,fth_spbrn,2
2025-03-21T05:33:00.963436,2,5,Part7,fth_cntbrn,China
2025-03-21T05:33:06.800842,2,5,Part9,mwc_bonus,4
2025-03-21T05:33:06.800989,2,5,Part9,mwc_bonus_others,4
2025-03-21T05:33:06.801005,2,5,Part9,enjoy,8
2025-03-21T05:33:11.288250,2,5,Part10,bonus,Bargaining
2025-03-21T05:33:21.075939,1,5,Part1c,atq_1,12
2025-03-21T05:33:21.076053,1,5,Part1c,atq_2,21
2025-03-21T05:33:21.076067,1,5,Part1c,atq_3,12
2025-03-21T05:33:24.143213,1,5,Part1d,age,18
2025-03-21T05:33:24.143309,1,5,Part1d,risk,7
2025-03-21T05:33:31.302911,1,5,Part3b,occ,Student
2025-03-21T05:33:31.303029,1,5,Part3b,volunt,2
2025-03-21T05:33:31.303045,1,5,Part3b,volunt_hrs,
2025-03-21T05:33:35.141722,1,5,Part2a,econ,0
2025-03-21T05:33:35.141788,1,5,Part2a,party_like,2
2025-03-21T05:33:35.141800,1,5,Part2a,party,
2025-03-21T05:33:35.141811,1,5,Part2a,party_prox,
2025-03-21T05:33:42.078335,1,5,Part4b,plop_unempl,8
2025-03-21T05:33:42.078422,1,5,Part4b,plop_comp,9
2025-03-21T05:33:42.078434,1,5,Part4b,plop_incdist,9
2025-03-21T05:33:42.078444,1,5,Part4b,plop_priv,10
2025-03-21T05:33:42.078453,1,5,Part4b,plop_luckeffort,9
2025-03-21T05:33:44.529107,1,5,Part5,rel,2
2025-03-21T05:33:44.529202,1,5,Part5,rel_spec,
2025-03-21T05:33:48.212694,1,5,Part7,mth_spbrn,1
2025-03-21T05:33:48.212769,1,5,Part7,mth_cntbrn,
2025-03-21T05:33:48.212781,1,5,Part7,fth_spbrn,1
2025-03-21T05:33:48.212791,1,5,Part7,fth_cntbrn,
2025-03-21T05:33:52.797659,1,5,Part9,mwc_bonus,7
2025-03-21T05:33:52.797734,1,5,Part9,mwc_bonus_others,7
2025-03-21T05:33:52.797747,1,5,Part9,enjoy,10
2025-03-21T05:33:58.205486,1,5,Part10,bonus,I'm not sure
2025-03-26T06:30:03.475521,1,1,Nationality,spbrn,2
2025-03-26T06:30:03.475643,1,1,Nationality,cntbrn,asdf
2025-03-26T06:30:03.475660,1,1,Nationality,spcit,2
2025-03-26T06:30:03.475674,1,1,Nationality,other_cit,asdf
2025-03-26T06:30:03.475688,1,1,Nationality,primlang,asdf
2025-03-26T06:30:07.445694,1,1,Education,degree,3
2025-03-26T06:30:16.012465,1,1,Gender,sex,4
2025-03-26T06:30:16.012540,1,1,Gender,gen,4
2025-03-26T06:30:16.012552,1,1,Gender,other_gender,sdf
2025-03-26T06:30:16.012563,1,1,Gender,gen_cgi,6
2025-03-27T04:32:55.557680,1,1,ProlificID,prolific_id, 
2025-03-27T04:33:30.394774,2,1,ProlificID,prolific_id, 
2025-03-27T04:35:41.221219,3,1,ProlificID,prolific_id, 123
2025-03-27T04:36:22.354580,3,1,Nationality,spbrn,1
2025-03-27T04:36:22.354674,3,1,Nationality,cntbrn,
2025-03-27T04:36:22.354688,3,1,Nationality,spcit,1
2025-03-27T04:36:22.354701,3,1,Nationality,other_cit,
2025-03-27T04:36:22.354714,3,1,Nationality,primlang,234
2025-03-27T04:36:25.106004,3,1,Education,degree,7
2025-03-27T04:36:28.726136,3,1,Gender,sex,2
2025-03-27T04:36:28.726205,3,1,Gender,gen,2
2025-03-27T04:36:28.726221,3,1,Gender,other_gender,
2025-03-27T04:36:28.726236,3,1,Gender,gen_cgi,5
2025-03-27T04:36:31.293858,3,1,Income,inc,12
2025-03-27T04:36:31.293941,3,1,Income,inc_hh,21
2025-03-27T04:59:37.772297,1,1,ProlificID,prolific_id,12
